"Original","Copies"
"0x27","0xB4"
"0x2DC","0x1FC0"
"0x2DA","0xB0"
"0x41","0x391 0x410"
"0xC1","0x1FBB 0x386"
"0xC0","0x1FBA"
"0xC4","0x4D2"
"0x102","0x1FB8 0x4D0"
"0x100","0x1FB9"
"0xC6","0x4D4"
"0x42","0x392 0x412"
"0x43","0x3F9 0x421 0x28"
"0x110","0xD0"
"0x45","0x395 0x415"
"0xC9","0x388 0x1FC9"
"0xC8","0x1FC8 0x400"
"0xCB","0x401"
"0x114","0x4D6"
"0x46","0x3DC"
"0x48","0x397 0x41D"
"0x49","0x399 0x406 0x31"
"0xCD","0x38A"
"0xCF","0x3AA 0x407"
"0x4B","0x39A 0x41A"
"0x1E30","0x40C"
"0x4D","0x39C 0x41C"
"0x4E","0x39D"
"0x4F","0x39F 0x41E 0x30"
"0xD3","0x38C"
"0xD6","0x4E6"
"0x50","0x3A1 0x420"
"0x54","0x3A4 0x422"
"0xDE","0x3F7"
"0x58","0x3A7 0x425"
"0x59","0x3A5 0x423"
"0xDD","0x38E"
"0x178","0x3AB 0x4F0"
"0x232","0x4EE"
"0x5A","0x396"
"0x393","0x413"
"0x394","0x414"
"0x398","0x472"
"0x39B","0x41B"
"0x3A0","0x41F"
"0x3A6","0x424"
"0x417","0x33"
"0x427","0x34"
